{"graph": {"_type": "graph-file", "path": "media/graph/g.r.a.p.h_summary_d390399f.graph.json", "sha256": "d390399fd0f12f420f1fa0ef40abec253c6e4689c9a208b01a62c27776a258c4", "size": 3293}, "epoch": 0, "loss": 0.9942696690559387, "acc": 0.0, "mean_squared_error": 0.3714165687561035, "auc": 0.7270534038543701, "precision": 0.004532230086624622, "recall": 0.7999277114868164, "val_loss": 0.6785889863967896, "val_acc": 0.0, "val_mean_squared_error": 0.2427557110786438, "val_auc": 0.1825670599937439, "val_precision": 0.0011453480692580342, "val_recall": 0.085539311170578, "_step": 0, "_runtime": 15, "_timestamp": 1606008982, "best_val_loss": 0.6785889863967896, "best_epoch": 0}